{"v":4,"entries":{"test-platform--docs":{"id":"test-platform--docs","title":"Test Platform","name":"Docs","importPath":"./stories/_test_platform/test_platform.stories.tsx","type":"docs","tags":["docs","autodocs"],"storiesImports":[]},"test-platform--default":{"id":"test-platform--default","title":"Test Platform","name":"Default","importPath":"./stories/_test_platform/test_platform.stories.tsx","tags":["story"],"type":"story"},"components-badge--docs":{"id":"components-badge--docs","title":"Components/Badge","name":"Docs","importPath":"./stories/badge/Badge.stories.tsx","type":"docs","tags":["docs","autodocs"],"storiesImports":[]},"components-badge--basic":{"id":"components-badge--basic","title":"Components/Badge","name":"Basic","importPath":"./stories/badge/Badge.stories.tsx","tags":["story"],"type":"story"},"components-button--docs":{"id":"components-button--docs","title":"Components/Button","name":"Docs","importPath":"./stories/buttons/Button.stories.tsx","type":"docs","tags":["docs","autodocs"],"storiesImports":[]},"components-button--simple":{"id":"components-button--simple","title":"Components/Button","name":"Simple","importPath":"./stories/buttons/Button.stories.tsx","tags":["story"],"type":"story"},"components-button--search":{"id":"components-button--search","title":"Components/Button","name":"Search","importPath":"./stories/buttons/Button.stories.tsx","tags":["story"],"type":"story"},"components-button--add":{"id":"components-button--add","title":"Components/Button","name":"Add","importPath":"./stories/buttons/Button.stories.tsx","tags":["story"],"type":"story"},"components-button--gear":{"id":"components-button--gear","title":"Components/Button","name":"Gear","importPath":"./stories/buttons/Button.stories.tsx","tags":["story"],"type":"story"},"components-button--dropdown":{"id":"components-button--dropdown","title":"Components/Button","name":"Dropdown","importPath":"./stories/buttons/Button.stories.tsx","tags":["story"],"type":"story"},"components-button--circle":{"id":"components-button--circle","title":"Components/Button","name":"Circle","importPath":"./stories/buttons/Button.stories.tsx","tags":["story"],"type":"story"},"components-calendar--docs":{"id":"components-calendar--docs","title":"Components/Calendar","name":"Docs","importPath":"./stories/calendar/Calendar.stories.tsx","type":"docs","tags":["docs","autodocs"],"storiesImports":[]},"components-calendar--simple":{"id":"components-calendar--simple","title":"Components/Calendar","name":"Simple","importPath":"./stories/calendar/Calendar.stories.tsx","tags":["story"],"type":"story"},"components-checkbox--docs":{"id":"components-checkbox--docs","title":"Components/Checkbox","name":"Docs","importPath":"./stories/checkbox/Checkbox.stories.tsx","type":"docs","tags":["docs","autodocs"],"storiesImports":[]},"components-checkbox--basic":{"id":"components-checkbox--basic","title":"Components/Checkbox","name":"Basic","importPath":"./stories/checkbox/Checkbox.stories.tsx","tags":["story"],"type":"story"},"components-datepicker--docs":{"id":"components-datepicker--docs","title":"Components/DatePicker","name":"Docs","importPath":"./stories/date_picker/DatePicker.stories.tsx","type":"docs","tags":["docs","autodocs"],"storiesImports":[]},"components-datepicker--simple":{"id":"components-datepicker--simple","title":"Components/DatePicker","name":"Simple","importPath":"./stories/date_picker/DatePicker.stories.tsx","tags":["story"],"type":"story"},"components-field--docs":{"id":"components-field--docs","title":"Components/Field","name":"Docs","importPath":"./stories/field/Field.stories.tsx","type":"docs","tags":["docs","autodocs"],"storiesImports":[]},"components-field--simple":{"id":"components-field--simple","title":"Components/Field","name":"Simple","importPath":"./stories/field/Field.stories.tsx","tags":["story"],"type":"story"},"components-fileinput--docs":{"id":"components-fileinput--docs","title":"Components/FileInput","name":"Docs","importPath":"./stories/file_input/FileInput.stories.tsx","type":"docs","tags":["docs","autodocs"],"storiesImports":[]},"components-fileinput--basic-usage":{"id":"components-fileinput--basic-usage","title":"Components/FileInput","name":"Basic Usage","importPath":"./stories/file_input/FileInput.stories.tsx","tags":["story"],"type":"story"},"components-filteralpha--docs":{"id":"components-filteralpha--docs","title":"Components/FilterAlpha","name":"Docs","importPath":"./stories/filter_2/Filter2.stories.tsx","type":"docs","tags":["docs","autodocs"],"storiesImports":[]},"components-filteralpha--simple":{"id":"components-filteralpha--simple","title":"Components/FilterAlpha","name":"Simple","importPath":"./stories/filter_2/Filter2.stories.tsx","tags":["story"],"type":"story"},"components-form--docs":{"id":"components-form--docs","title":"Components/Form","name":"Docs","importPath":"./stories/form/Form.stories.tsx","type":"docs","tags":["docs","autodocs"],"storiesImports":[]},"components-form--basic-usage":{"id":"components-form--basic-usage","title":"Components/Form","name":"Basic Usage","importPath":"./stories/form/Form.stories.tsx","tags":["story"],"type":"story"},"components-grid--docs":{"id":"components-grid--docs","title":"Components/Grid","name":"Docs","importPath":"./stories/grid/Grid.stories.tsx","type":"docs","tags":["docs","autodocs"],"storiesImports":[]},"components-grid--col-2-row-2":{"id":"components-grid--col-2-row-2","title":"Components/Grid","name":"Col 2 Row 2","importPath":"./stories/grid/Grid.stories.tsx","tags":["story"],"type":"story"},"components-grid--col-5-row-5":{"id":"components-grid--col-5-row-5","title":"Components/Grid","name":"Col 5 Row 5","importPath":"./stories/grid/Grid.stories.tsx","tags":["story"],"type":"story"},"components-grid--col-10-row-10":{"id":"components-grid--col-10-row-10","title":"Components/Grid","name":"Col 10 Row 10","importPath":"./stories/grid/Grid.stories.tsx","tags":["story"],"type":"story"},"components-grid--col-25-row-25":{"id":"components-grid--col-25-row-25","title":"Components/Grid","name":"Col 25 Row 25","importPath":"./stories/grid/Grid.stories.tsx","tags":["story"],"type":"story"},"components-grid--col-50-row-50":{"id":"components-grid--col-50-row-50","title":"Components/Grid","name":"Col 50 Row 50","importPath":"./stories/grid/Grid.stories.tsx","tags":["story"],"type":"story"},"components-grid--col-50-row-500":{"id":"components-grid--col-50-row-500","title":"Components/Grid","name":"Col 50 Row 500","importPath":"./stories/grid/Grid.stories.tsx","tags":["story"],"type":"story"},"components-grid--with-footer":{"id":"components-grid--with-footer","title":"Components/Grid","name":"With Footer","importPath":"./stories/grid/Grid.stories.tsx","tags":["story"],"type":"story"},"иконки--docs":{"id":"иконки--docs","title":"Иконки","name":"Docs","importPath":"./stories/icon/Icon.stories.mdx","type":"docs","tags":["stories-mdx","docs","autodocs"],"storiesImports":[]},"components-icon--docs":{"id":"components-icon--docs","title":"Components/Icon","name":"Docs","importPath":"./stories/icon/Icon.stories.tsx","type":"docs","tags":["docs","autodocs"],"storiesImports":[]},"components-icon--basic-usage":{"id":"components-icon--basic-usage","title":"Components/Icon","name":"Basic Usage","importPath":"./stories/icon/Icon.stories.tsx","tags":["story"],"type":"story"},"components-input--docs":{"id":"components-input--docs","title":"Components/Input","name":"Docs","importPath":"./stories/input/Input.stories.tsx","type":"docs","tags":["docs","autodocs"],"storiesImports":[]},"components-input--basic-usage":{"id":"components-input--basic-usage","title":"Components/Input","name":"Basic Usage","importPath":"./stories/input/Input.stories.tsx","tags":["story"],"type":"story"},"components-loader--docs":{"id":"components-loader--docs","title":"Components/Loader","name":"Docs","importPath":"./stories/loader/Loader.stories.tsx","type":"docs","tags":["docs","autodocs"],"storiesImports":[]},"components-loader--simple":{"id":"components-loader--simple","title":"Components/Loader","name":"Simple","importPath":"./stories/loader/Loader.stories.tsx","tags":["story"],"type":"story"},"components-menu--docs":{"id":"components-menu--docs","title":"Components/Menu","name":"Docs","importPath":"./stories/menu/Menu.stories.tsx","type":"docs","tags":["docs","autodocs"],"storiesImports":[]},"components-menu--simple":{"id":"components-menu--simple","title":"Components/Menu","name":"Simple","importPath":"./stories/menu/Menu.stories.tsx","tags":["story"],"type":"story"},"components-menu--card":{"id":"components-menu--card","title":"Components/Menu","name":"Card","importPath":"./stories/menu/Menu.stories.tsx","tags":["story"],"type":"story"},"components-modal--docs":{"id":"components-modal--docs","title":"Components/Modal","name":"Docs","importPath":"./stories/modal/Modal.stories.tsx","type":"docs","tags":["docs","autodocs"],"storiesImports":[]},"components-modal--simple":{"id":"components-modal--simple","title":"Components/Modal","name":"Simple","importPath":"./stories/modal/Modal.stories.tsx","tags":["story"],"type":"story"},"components-multifield--docs":{"id":"components-multifield--docs","title":"Components/Multifield","name":"Docs","importPath":"./stories/multifield/Multifield.stories.tsx","type":"docs","tags":["docs","autodocs"],"storiesImports":[]},"components-multifield--basic-usage":{"id":"components-multifield--basic-usage","title":"Components/Multifield","name":"Basic Usage","importPath":"./stories/multifield/Multifield.stories.tsx","tags":["story"],"type":"story"},"components-select--docs":{"id":"components-select--docs","title":"Components/Select","name":"Docs","importPath":"./stories/select/Select.stories.tsx","type":"docs","tags":["docs","autodocs"],"storiesImports":[]},"components-select--basic-usage":{"id":"components-select--basic-usage","title":"Components/Select","name":"Basic Usage","importPath":"./stories/select/Select.stories.tsx","tags":["story"],"type":"story"},"components-select--multiple":{"id":"components-select--multiple","title":"Components/Select","name":"Multiple","importPath":"./stories/select/Select.stories.tsx","tags":["story"],"type":"story"},"components-title--docs":{"id":"components-title--docs","title":"Components/Title","name":"Docs","importPath":"./stories/title/Title.stories.tsx","type":"docs","tags":["docs","autodocs"],"storiesImports":[]},"components-title--simple":{"id":"components-title--simple","title":"Components/Title","name":"Simple","importPath":"./stories/title/Title.stories.tsx","tags":["story"],"type":"story"}}}
