{"v":3,"stories":{"test-platform--docs":{"id":"test-platform--docs","title":"Test Platform","name":"Docs","importPath":"./stories/_test_platform/test_platform.stories.tsx","tags":["docs","autodocs"],"storiesImports":[],"kind":"Test Platform","story":"Docs","parameters":{"__id":"test-platform--docs","docsOnly":true,"fileName":"./stories/_test_platform/test_platform.stories.tsx"}},"test-platform--default":{"id":"test-platform--default","title":"Test Platform","name":"Default","importPath":"./stories/_test_platform/test_platform.stories.tsx","tags":["story"],"kind":"Test Platform","story":"Default","parameters":{"__id":"test-platform--default","docsOnly":false,"fileName":"./stories/_test_platform/test_platform.stories.tsx"}},"components-badge--docs":{"id":"components-badge--docs","title":"Components/Badge","name":"Docs","importPath":"./stories/badge/Badge.stories.tsx","tags":["docs","autodocs"],"storiesImports":[],"kind":"Components/Badge","story":"Docs","parameters":{"__id":"components-badge--docs","docsOnly":true,"fileName":"./stories/badge/Badge.stories.tsx"}},"components-badge--basic":{"id":"components-badge--basic","title":"Components/Badge","name":"Basic","importPath":"./stories/badge/Badge.stories.tsx","tags":["story"],"kind":"Components/Badge","story":"Basic","parameters":{"__id":"components-badge--basic","docsOnly":false,"fileName":"./stories/badge/Badge.stories.tsx"}},"components-button--docs":{"id":"components-button--docs","title":"Components/Button","name":"Docs","importPath":"./stories/buttons/Button.stories.tsx","tags":["docs","autodocs"],"storiesImports":[],"kind":"Components/Button","story":"Docs","parameters":{"__id":"components-button--docs","docsOnly":true,"fileName":"./stories/buttons/Button.stories.tsx"}},"components-button--simple":{"id":"components-button--simple","title":"Components/Button","name":"Simple","importPath":"./stories/buttons/Button.stories.tsx","tags":["story"],"kind":"Components/Button","story":"Simple","parameters":{"__id":"components-button--simple","docsOnly":false,"fileName":"./stories/buttons/Button.stories.tsx"}},"components-button--search":{"id":"components-button--search","title":"Components/Button","name":"Search","importPath":"./stories/buttons/Button.stories.tsx","tags":["story"],"kind":"Components/Button","story":"Search","parameters":{"__id":"components-button--search","docsOnly":false,"fileName":"./stories/buttons/Button.stories.tsx"}},"components-button--add":{"id":"components-button--add","title":"Components/Button","name":"Add","importPath":"./stories/buttons/Button.stories.tsx","tags":["story"],"kind":"Components/Button","story":"Add","parameters":{"__id":"components-button--add","docsOnly":false,"fileName":"./stories/buttons/Button.stories.tsx"}},"components-button--gear":{"id":"components-button--gear","title":"Components/Button","name":"Gear","importPath":"./stories/buttons/Button.stories.tsx","tags":["story"],"kind":"Components/Button","story":"Gear","parameters":{"__id":"components-button--gear","docsOnly":false,"fileName":"./stories/buttons/Button.stories.tsx"}},"components-button--dropdown":{"id":"components-button--dropdown","title":"Components/Button","name":"Dropdown","importPath":"./stories/buttons/Button.stories.tsx","tags":["story"],"kind":"Components/Button","story":"Dropdown","parameters":{"__id":"components-button--dropdown","docsOnly":false,"fileName":"./stories/buttons/Button.stories.tsx"}},"components-button--circle":{"id":"components-button--circle","title":"Components/Button","name":"Circle","importPath":"./stories/buttons/Button.stories.tsx","tags":["story"],"kind":"Components/Button","story":"Circle","parameters":{"__id":"components-button--circle","docsOnly":false,"fileName":"./stories/buttons/Button.stories.tsx"}},"components-calendar--docs":{"id":"components-calendar--docs","title":"Components/Calendar","name":"Docs","importPath":"./stories/calendar/Calendar.stories.tsx","tags":["docs","autodocs"],"storiesImports":[],"kind":"Components/Calendar","story":"Docs","parameters":{"__id":"components-calendar--docs","docsOnly":true,"fileName":"./stories/calendar/Calendar.stories.tsx"}},"components-calendar--simple":{"id":"components-calendar--simple","title":"Components/Calendar","name":"Simple","importPath":"./stories/calendar/Calendar.stories.tsx","tags":["story"],"kind":"Components/Calendar","story":"Simple","parameters":{"__id":"components-calendar--simple","docsOnly":false,"fileName":"./stories/calendar/Calendar.stories.tsx"}},"components-checkbox--docs":{"id":"components-checkbox--docs","title":"Components/Checkbox","name":"Docs","importPath":"./stories/checkbox/Checkbox.stories.tsx","tags":["docs","autodocs"],"storiesImports":[],"kind":"Components/Checkbox","story":"Docs","parameters":{"__id":"components-checkbox--docs","docsOnly":true,"fileName":"./stories/checkbox/Checkbox.stories.tsx"}},"components-checkbox--basic":{"id":"components-checkbox--basic","title":"Components/Checkbox","name":"Basic","importPath":"./stories/checkbox/Checkbox.stories.tsx","tags":["story"],"kind":"Components/Checkbox","story":"Basic","parameters":{"__id":"components-checkbox--basic","docsOnly":false,"fileName":"./stories/checkbox/Checkbox.stories.tsx"}},"components-datepicker--docs":{"id":"components-datepicker--docs","title":"Components/DatePicker","name":"Docs","importPath":"./stories/date_picker/DatePicker.stories.tsx","tags":["docs","autodocs"],"storiesImports":[],"kind":"Components/DatePicker","story":"Docs","parameters":{"__id":"components-datepicker--docs","docsOnly":true,"fileName":"./stories/date_picker/DatePicker.stories.tsx"}},"components-datepicker--simple":{"id":"components-datepicker--simple","title":"Components/DatePicker","name":"Simple","importPath":"./stories/date_picker/DatePicker.stories.tsx","tags":["story"],"kind":"Components/DatePicker","story":"Simple","parameters":{"__id":"components-datepicker--simple","docsOnly":false,"fileName":"./stories/date_picker/DatePicker.stories.tsx"}},"components-field--docs":{"id":"components-field--docs","title":"Components/Field","name":"Docs","importPath":"./stories/field/Field.stories.tsx","tags":["docs","autodocs"],"storiesImports":[],"kind":"Components/Field","story":"Docs","parameters":{"__id":"components-field--docs","docsOnly":true,"fileName":"./stories/field/Field.stories.tsx"}},"components-field--simple":{"id":"components-field--simple","title":"Components/Field","name":"Simple","importPath":"./stories/field/Field.stories.tsx","tags":["story"],"kind":"Components/Field","story":"Simple","parameters":{"__id":"components-field--simple","docsOnly":false,"fileName":"./stories/field/Field.stories.tsx"}},"components-fileinput--docs":{"id":"components-fileinput--docs","title":"Components/FileInput","name":"Docs","importPath":"./stories/file_input/FileInput.stories.tsx","tags":["docs","autodocs"],"storiesImports":[],"kind":"Components/FileInput","story":"Docs","parameters":{"__id":"components-fileinput--docs","docsOnly":true,"fileName":"./stories/file_input/FileInput.stories.tsx"}},"components-fileinput--basic-usage":{"id":"components-fileinput--basic-usage","title":"Components/FileInput","name":"Basic Usage","importPath":"./stories/file_input/FileInput.stories.tsx","tags":["story"],"kind":"Components/FileInput","story":"Basic Usage","parameters":{"__id":"components-fileinput--basic-usage","docsOnly":false,"fileName":"./stories/file_input/FileInput.stories.tsx"}},"components-filteralpha--docs":{"id":"components-filteralpha--docs","title":"Components/FilterAlpha","name":"Docs","importPath":"./stories/filter_2/Filter2.stories.tsx","tags":["docs","autodocs"],"storiesImports":[],"kind":"Components/FilterAlpha","story":"Docs","parameters":{"__id":"components-filteralpha--docs","docsOnly":true,"fileName":"./stories/filter_2/Filter2.stories.tsx"}},"components-filteralpha--simple":{"id":"components-filteralpha--simple","title":"Components/FilterAlpha","name":"Simple","importPath":"./stories/filter_2/Filter2.stories.tsx","tags":["story"],"kind":"Components/FilterAlpha","story":"Simple","parameters":{"__id":"components-filteralpha--simple","docsOnly":false,"fileName":"./stories/filter_2/Filter2.stories.tsx"}},"components-form--docs":{"id":"components-form--docs","title":"Components/Form","name":"Docs","importPath":"./stories/form/Form.stories.tsx","tags":["docs","autodocs"],"storiesImports":[],"kind":"Components/Form","story":"Docs","parameters":{"__id":"components-form--docs","docsOnly":true,"fileName":"./stories/form/Form.stories.tsx"}},"components-form--basic-usage":{"id":"components-form--basic-usage","title":"Components/Form","name":"Basic Usage","importPath":"./stories/form/Form.stories.tsx","tags":["story"],"kind":"Components/Form","story":"Basic Usage","parameters":{"__id":"components-form--basic-usage","docsOnly":false,"fileName":"./stories/form/Form.stories.tsx"}},"components-grid--docs":{"id":"components-grid--docs","title":"Components/Grid","name":"Docs","importPath":"./stories/grid/Grid.stories.tsx","tags":["docs","autodocs"],"storiesImports":[],"kind":"Components/Grid","story":"Docs","parameters":{"__id":"components-grid--docs","docsOnly":true,"fileName":"./stories/grid/Grid.stories.tsx"}},"components-grid--col-2-row-2":{"id":"components-grid--col-2-row-2","title":"Components/Grid","name":"Col 2 Row 2","importPath":"./stories/grid/Grid.stories.tsx","tags":["story"],"kind":"Components/Grid","story":"Col 2 Row 2","parameters":{"__id":"components-grid--col-2-row-2","docsOnly":false,"fileName":"./stories/grid/Grid.stories.tsx"}},"components-grid--col-5-row-5":{"id":"components-grid--col-5-row-5","title":"Components/Grid","name":"Col 5 Row 5","importPath":"./stories/grid/Grid.stories.tsx","tags":["story"],"kind":"Components/Grid","story":"Col 5 Row 5","parameters":{"__id":"components-grid--col-5-row-5","docsOnly":false,"fileName":"./stories/grid/Grid.stories.tsx"}},"components-grid--col-10-row-10":{"id":"components-grid--col-10-row-10","title":"Components/Grid","name":"Col 10 Row 10","importPath":"./stories/grid/Grid.stories.tsx","tags":["story"],"kind":"Components/Grid","story":"Col 10 Row 10","parameters":{"__id":"components-grid--col-10-row-10","docsOnly":false,"fileName":"./stories/grid/Grid.stories.tsx"}},"components-grid--col-25-row-25":{"id":"components-grid--col-25-row-25","title":"Components/Grid","name":"Col 25 Row 25","importPath":"./stories/grid/Grid.stories.tsx","tags":["story"],"kind":"Components/Grid","story":"Col 25 Row 25","parameters":{"__id":"components-grid--col-25-row-25","docsOnly":false,"fileName":"./stories/grid/Grid.stories.tsx"}},"components-grid--col-50-row-50":{"id":"components-grid--col-50-row-50","title":"Components/Grid","name":"Col 50 Row 50","importPath":"./stories/grid/Grid.stories.tsx","tags":["story"],"kind":"Components/Grid","story":"Col 50 Row 50","parameters":{"__id":"components-grid--col-50-row-50","docsOnly":false,"fileName":"./stories/grid/Grid.stories.tsx"}},"components-grid--col-50-row-500":{"id":"components-grid--col-50-row-500","title":"Components/Grid","name":"Col 50 Row 500","importPath":"./stories/grid/Grid.stories.tsx","tags":["story"],"kind":"Components/Grid","story":"Col 50 Row 500","parameters":{"__id":"components-grid--col-50-row-500","docsOnly":false,"fileName":"./stories/grid/Grid.stories.tsx"}},"components-grid--with-footer":{"id":"components-grid--with-footer","title":"Components/Grid","name":"With Footer","importPath":"./stories/grid/Grid.stories.tsx","tags":["story"],"kind":"Components/Grid","story":"With Footer","parameters":{"__id":"components-grid--with-footer","docsOnly":false,"fileName":"./stories/grid/Grid.stories.tsx"}},"иконки--docs":{"id":"иконки--docs","title":"Иконки","name":"Docs","importPath":"./stories/icon/Icon.stories.mdx","tags":["stories-mdx","docs","autodocs"],"storiesImports":[],"kind":"Иконки","story":"Docs","parameters":{"__id":"иконки--docs","docsOnly":true,"fileName":"./stories/icon/Icon.stories.mdx"}},"components-icon--docs":{"id":"components-icon--docs","title":"Components/Icon","name":"Docs","importPath":"./stories/icon/Icon.stories.tsx","tags":["docs","autodocs"],"storiesImports":[],"kind":"Components/Icon","story":"Docs","parameters":{"__id":"components-icon--docs","docsOnly":true,"fileName":"./stories/icon/Icon.stories.tsx"}},"components-icon--basic-usage":{"id":"components-icon--basic-usage","title":"Components/Icon","name":"Basic Usage","importPath":"./stories/icon/Icon.stories.tsx","tags":["story"],"kind":"Components/Icon","story":"Basic Usage","parameters":{"__id":"components-icon--basic-usage","docsOnly":false,"fileName":"./stories/icon/Icon.stories.tsx"}},"components-input--docs":{"id":"components-input--docs","title":"Components/Input","name":"Docs","importPath":"./stories/input/Input.stories.tsx","tags":["docs","autodocs"],"storiesImports":[],"kind":"Components/Input","story":"Docs","parameters":{"__id":"components-input--docs","docsOnly":true,"fileName":"./stories/input/Input.stories.tsx"}},"components-input--basic-usage":{"id":"components-input--basic-usage","title":"Components/Input","name":"Basic Usage","importPath":"./stories/input/Input.stories.tsx","tags":["story"],"kind":"Components/Input","story":"Basic Usage","parameters":{"__id":"components-input--basic-usage","docsOnly":false,"fileName":"./stories/input/Input.stories.tsx"}},"components-loader--docs":{"id":"components-loader--docs","title":"Components/Loader","name":"Docs","importPath":"./stories/loader/Loader.stories.tsx","tags":["docs","autodocs"],"storiesImports":[],"kind":"Components/Loader","story":"Docs","parameters":{"__id":"components-loader--docs","docsOnly":true,"fileName":"./stories/loader/Loader.stories.tsx"}},"components-loader--simple":{"id":"components-loader--simple","title":"Components/Loader","name":"Simple","importPath":"./stories/loader/Loader.stories.tsx","tags":["story"],"kind":"Components/Loader","story":"Simple","parameters":{"__id":"components-loader--simple","docsOnly":false,"fileName":"./stories/loader/Loader.stories.tsx"}},"components-menu--docs":{"id":"components-menu--docs","title":"Components/Menu","name":"Docs","importPath":"./stories/menu/Menu.stories.tsx","tags":["docs","autodocs"],"storiesImports":[],"kind":"Components/Menu","story":"Docs","parameters":{"__id":"components-menu--docs","docsOnly":true,"fileName":"./stories/menu/Menu.stories.tsx"}},"components-menu--simple":{"id":"components-menu--simple","title":"Components/Menu","name":"Simple","importPath":"./stories/menu/Menu.stories.tsx","tags":["story"],"kind":"Components/Menu","story":"Simple","parameters":{"__id":"components-menu--simple","docsOnly":false,"fileName":"./stories/menu/Menu.stories.tsx"}},"components-menu--card":{"id":"components-menu--card","title":"Components/Menu","name":"Card","importPath":"./stories/menu/Menu.stories.tsx","tags":["story"],"kind":"Components/Menu","story":"Card","parameters":{"__id":"components-menu--card","docsOnly":false,"fileName":"./stories/menu/Menu.stories.tsx"}},"components-modal--docs":{"id":"components-modal--docs","title":"Components/Modal","name":"Docs","importPath":"./stories/modal/Modal.stories.tsx","tags":["docs","autodocs"],"storiesImports":[],"kind":"Components/Modal","story":"Docs","parameters":{"__id":"components-modal--docs","docsOnly":true,"fileName":"./stories/modal/Modal.stories.tsx"}},"components-modal--simple":{"id":"components-modal--simple","title":"Components/Modal","name":"Simple","importPath":"./stories/modal/Modal.stories.tsx","tags":["story"],"kind":"Components/Modal","story":"Simple","parameters":{"__id":"components-modal--simple","docsOnly":false,"fileName":"./stories/modal/Modal.stories.tsx"}},"components-multifield--docs":{"id":"components-multifield--docs","title":"Components/Multifield","name":"Docs","importPath":"./stories/multifield/Multifield.stories.tsx","tags":["docs","autodocs"],"storiesImports":[],"kind":"Components/Multifield","story":"Docs","parameters":{"__id":"components-multifield--docs","docsOnly":true,"fileName":"./stories/multifield/Multifield.stories.tsx"}},"components-multifield--basic-usage":{"id":"components-multifield--basic-usage","title":"Components/Multifield","name":"Basic Usage","importPath":"./stories/multifield/Multifield.stories.tsx","tags":["story"],"kind":"Components/Multifield","story":"Basic Usage","parameters":{"__id":"components-multifield--basic-usage","docsOnly":false,"fileName":"./stories/multifield/Multifield.stories.tsx"}},"components-select--docs":{"id":"components-select--docs","title":"Components/Select","name":"Docs","importPath":"./stories/select/Select.stories.tsx","tags":["docs","autodocs"],"storiesImports":[],"kind":"Components/Select","story":"Docs","parameters":{"__id":"components-select--docs","docsOnly":true,"fileName":"./stories/select/Select.stories.tsx"}},"components-select--basic-usage":{"id":"components-select--basic-usage","title":"Components/Select","name":"Basic Usage","importPath":"./stories/select/Select.stories.tsx","tags":["story"],"kind":"Components/Select","story":"Basic Usage","parameters":{"__id":"components-select--basic-usage","docsOnly":false,"fileName":"./stories/select/Select.stories.tsx"}},"components-select--multiple":{"id":"components-select--multiple","title":"Components/Select","name":"Multiple","importPath":"./stories/select/Select.stories.tsx","tags":["story"],"kind":"Components/Select","story":"Multiple","parameters":{"__id":"components-select--multiple","docsOnly":false,"fileName":"./stories/select/Select.stories.tsx"}},"components-title--docs":{"id":"components-title--docs","title":"Components/Title","name":"Docs","importPath":"./stories/title/Title.stories.tsx","tags":["docs","autodocs"],"storiesImports":[],"kind":"Components/Title","story":"Docs","parameters":{"__id":"components-title--docs","docsOnly":true,"fileName":"./stories/title/Title.stories.tsx"}},"components-title--simple":{"id":"components-title--simple","title":"Components/Title","name":"Simple","importPath":"./stories/title/Title.stories.tsx","tags":["story"],"kind":"Components/Title","story":"Simple","parameters":{"__id":"components-title--simple","docsOnly":false,"fileName":"./stories/title/Title.stories.tsx"}}}}
